id,state,year,quarter,pincode,transaction_count,transaction_amount
1,andaman-&-nicobar-islands,2018,1,744101,1622,2769297.9039997994
2,andaman-&-nicobar-islands,2018,1,744103,1223,2238041.8716124697
3,andaman-&-nicobar-islands,2018,1,744102,969,3519059.937562449
4,andaman-&-nicobar-islands,2018,1,744105,685,1298560.9515503529
5,andaman-&-nicobar-islands,2018,1,744104,340,1039715.3111450541
6,andaman-&-nicobar-islands,2018,1,744107,302,556059.5308556345
7,andaman-&-nicobar-islands,2018,1,744301,283,445739.1633851439
8,andaman-&-nicobar-islands,2018,1,744112,269,333709.56700413954
9,andaman-&-nicobar-islands,2018,1,744202,193,238914.01667155625
10,andaman-&-nicobar-islands,2018,1,744302,168,547469.6509380838
11,andaman-&-nicobar-islands,2018,2,744101,2701,6310089.917084678
12,andaman-&-nicobar-islands,2018,2,744103,1965,4752146.698501162
13,andaman-&-nicobar-islands,2018,2,744102,1525,5810267.574788321
14,andaman-&-nicobar-islands,2018,2,744105,997,2200332.971862734
15,andaman-&-nicobar-islands,2018,2,744301,767,1953749.3787199226
16,andaman-&-nicobar-islands,2018,2,744104,659,1650346.1906506256
17,andaman-&-nicobar-islands,2018,2,744107,594,1601569.9821441039
18,andaman-&-nicobar-islands,2018,2,744112,432,578829.1795229593
19,andaman-&-nicobar-islands,2018,2,744202,405,626523.9803147907
20,andaman-&-nicobar-islands,2018,2,744302,291,1026590.0735863491
21,andaman-&-nicobar-islands,2018,3,744101,3462,10833893.444488766
22,andaman-&-nicobar-islands,2018,3,744103,3182,10184154.358592123
23,andaman-&-nicobar-islands,2018,3,744102,2224,10365275.479700703
24,andaman-&-nicobar-islands,2018,3,744105,1613,5152534.080403434
25,andaman-&-nicobar-islands,2018,3,744104,1029,2588077.6866583927
26,andaman-&-nicobar-islands,2018,3,744301,975,4256576.349618757
27,andaman-&-nicobar-islands,2018,3,744112,579,1145815.7801705198
28,andaman-&-nicobar-islands,2018,3,744107,547,1492405.302862124
29,andaman-&-nicobar-islands,2018,3,744302,417,1976781.9199490356
30,andaman-&-nicobar-islands,2018,3,744202,341,2099404.0789861116
31,andaman-&-nicobar-islands,2018,4,744101,4674,16392855.280625317
32,andaman-&-nicobar-islands,2018,4,744103,4576,17022520.257624768
33,andaman-&-nicobar-islands,2018,4,744102,3306,17019977.183053624
34,andaman-&-nicobar-islands,2018,4,744105,2513,9935282.832151461
35,andaman-&-nicobar-islands,2018,4,744104,1432,6091757.917089159
36,andaman-&-nicobar-islands,2018,4,744211,1225,3451359.606027063
37,andaman-&-nicobar-islands,2018,4,744301,928,4606293.657525641
38,andaman-&-nicobar-islands,2018,4,744112,759,2208675.0435713646
39,andaman-&-nicobar-islands,2018,4,744107,747,1825659.5128978956
40,andaman-&-nicobar-islands,2018,4,744202,702,3797054.1677634423
41,andaman-&-nicobar-islands,2019,1,744103,5742,19401964.77965755
42,andaman-&-nicobar-islands,2019,1,744101,5156,15501306.227195919
43,andaman-&-nicobar-islands,2019,1,744102,3925,16683547.094795756
44,andaman-&-nicobar-islands,2019,1,744105,3553,11588669.48032856
45,andaman-&-nicobar-islands,2019,1,744104,2833,9141657.219605077
46,andaman-&-nicobar-islands,2019,1,744211,1511,5794838.401831552
47,andaman-&-nicobar-islands,2019,1,744202,1112,3613381.294736007
48,andaman-&-nicobar-islands,2019,1,744107,1029,3592930.2975779255
49,andaman-&-nicobar-islands,2019,1,744301,920,4652963.41114777
50,andaman-&-nicobar-islands,2019,1,744112,802,1893718.6537822199
51,andaman-&-nicobar-islands,2019,2,744104,6142,15625676.560883244
52,andaman-&-nicobar-islands,2019,2,744103,5847,23751450.067206983
53,andaman-&-nicobar-islands,2019,2,744101,4863,19061125.41121897
54,andaman-&-nicobar-islands,2019,2,744102,4120,18948733.987097777
55,andaman-&-nicobar-islands,2019,2,744105,3500,13418692.199162653
56,andaman-&-nicobar-islands,2019,2,744202,1153,3619993.3910789257
57,andaman-&-nicobar-islands,2019,2,744107,1124,2967445.3902032813
58,andaman-&-nicobar-islands,2019,2,744211,1047,3168331.9917352106
59,andaman-&-nicobar-islands,2019,2,744301,1007,4849284.51925976
60,andaman-&-nicobar-islands,2019,2,744112,763,2928099.608406143
61,andaman-&-nicobar-islands,2019,3,744103,5680,19906337.014255583
62,andaman-&-nicobar-islands,2019,3,744101,5606,18745152.093515635
63,andaman-&-nicobar-islands,2019,3,744104,4786,15754793.354826454
64,andaman-&-nicobar-islands,2019,3,744102,3643,14572605.602745283
65,andaman-&-nicobar-islands,2019,3,744105,3512,11767223.99688773
66,andaman-&-nicobar-islands,2019,3,744202,1417,3875602.0982028744
67,andaman-&-nicobar-islands,2019,3,744301,1402,6195496.621729916
68,andaman-&-nicobar-islands,2019,3,744211,1118,2983697.449378184
69,andaman-&-nicobar-islands,2019,3,744107,914,1988299.759710987
70,andaman-&-nicobar-islands,2019,3,744112,833,2198831.6919406196
71,andaman-&-nicobar-islands,2019,4,744104,6633,20626642.701508522
72,andaman-&-nicobar-islands,2019,4,744101,5282,23247752.473849062
73,andaman-&-nicobar-islands,2019,4,744103,4840,19792507.955761045
74,andaman-&-nicobar-islands,2019,4,744105,3528,15302141.17488026
75,andaman-&-nicobar-islands,2019,4,744102,3237,15350444.97320769
76,andaman-&-nicobar-islands,2019,4,744202,1783,5800016.5561128855
77,andaman-&-nicobar-islands,2019,4,744211,1596,7908264.721918669
78,andaman-&-nicobar-islands,2019,4,744301,1549,7056478.928838715
79,andaman-&-nicobar-islands,2019,4,744201,886,946768.0636478986
80,andaman-&-nicobar-islands,2019,4,744107,777,3030368.911900454
81,andaman-&-nicobar-islands,2020,1,744101,11793,58229349.02415232
82,andaman-&-nicobar-islands,2020,1,744103,5870,22009443.073053975
83,andaman-&-nicobar-islands,2020,1,744105,4635,16774043.311987936
84,andaman-&-nicobar-islands,2020,1,744102,3820,14517706.12269676
85,andaman-&-nicobar-islands,2020,1,744211,1837,8425387.79004211
86,andaman-&-nicobar-islands,2020,1,744301,1819,6901162.107519586
87,andaman-&-nicobar-islands,2020,1,744202,1794,5037742.395579022
88,andaman-&-nicobar-islands,2020,1,744104,1302,5293130.290633954
89,andaman-&-nicobar-islands,2020,1,744201,1157,1242638.821252932
90,andaman-&-nicobar-islands,2020,1,744107,1043,2990354.4448547475
91,andaman-&-nicobar-islands,2020,2,744101,11868,48293323.21851964
92,andaman-&-nicobar-islands,2020,2,744103,10035,26197535.98945152
93,andaman-&-nicobar-islands,2020,2,744105,9341,23203019.858980607
94,andaman-&-nicobar-islands,2020,2,744102,6012,17786750.907515876
95,andaman-&-nicobar-islands,2020,2,744202,3722,8924121.010762567
96,andaman-&-nicobar-islands,2020,2,744107,2555,3980470.6853698147
97,andaman-&-nicobar-islands,2020,2,744301,2275,9055232.527755566
98,andaman-&-nicobar-islands,2020,2,744211,2045,3319717.6328789736
99,andaman-&-nicobar-islands,2020,2,744205,1847,4459064.90732021
100,andaman-&-nicobar-islands,2020,2,744104,1840,3334591.822304932
101,andaman-&-nicobar-islands,2020,3,744101,24386,100439119.66860783
102,andaman-&-nicobar-islands,2020,3,744103,21272,60332278.69396809
103,andaman-&-nicobar-islands,2020,3,744105,17166,44061506.56273589
104,andaman-&-nicobar-islands,2020,3,744102,13934,43077189.842844136
105,andaman-&-nicobar-islands,2020,3,744202,5779,11975748.707876923
106,andaman-&-nicobar-islands,2020,3,744107,4753,7628018.669464628
107,andaman-&-nicobar-islands,2020,3,744104,3468,7353834.51320935
108,andaman-&-nicobar-islands,2020,3,744112,3422,6067986.696111794
109,andaman-&-nicobar-islands,2020,3,744301,3071,13352610.531559702
110,andaman-&-nicobar-islands,2020,3,744205,2991,7535645.788593667
111,andaman-&-nicobar-islands,2020,4,744103,46884,138264791.5489212
112,andaman-&-nicobar-islands,2020,4,744101,40392,136401368.02166596
113,andaman-&-nicobar-islands,2020,4,744105,34410,87838226.93633425
114,andaman-&-nicobar-islands,2020,4,744102,26694,76348598.32238364
115,andaman-&-nicobar-islands,2020,4,744202,10949,25543799.074759968
116,andaman-&-nicobar-islands,2020,4,744107,9743,18083250.19055397
117,andaman-&-nicobar-islands,2020,4,744104,7654,19126095.533284884
118,andaman-&-nicobar-islands,2020,4,744112,7016,15890275.050448488
119,andaman-&-nicobar-islands,2020,4,744205,5118,12002695.281042248
120,andaman-&-nicobar-islands,2020,4,744201,5011,6777275.536669218
121,andaman-&-nicobar-islands,2021,1,744101,55726,190830957.0606181
122,andaman-&-nicobar-islands,2021,1,744103,47328,158404100.7854989
123,andaman-&-nicobar-islands,2021,1,744105,35467,111571687.43195169
124,andaman-&-nicobar-islands,2021,1,744102,23957,80750048.8238959
125,andaman-&-nicobar-islands,2021,1,744211,10648,34956327.94105429
126,andaman-&-nicobar-islands,2021,1,744202,10597,28127629.877961583
127,andaman-&-nicobar-islands,2021,1,744107,8848,19627951.469969153
128,andaman-&-nicobar-islands,2021,1,744104,8799,27854306.51949638
129,andaman-&-nicobar-islands,2021,1,744112,7113,21084790.0528014
130,andaman-&-nicobar-islands,2021,1,744301,5630,22671937.31314759
131,andaman-&-nicobar-islands,2021,2,744101,73334,227585492.7414593
132,andaman-&-nicobar-islands,2021,2,744103,66321,174752815.1688521
133,andaman-&-nicobar-islands,2021,2,744105,52645,134835744.22049245
134,andaman-&-nicobar-islands,2021,2,744102,34289,100890426.76234055
135,andaman-&-nicobar-islands,2021,2,744202,16476,40647907.96960775
136,andaman-&-nicobar-islands,2021,2,744107,14524,24690581.539094776
137,andaman-&-nicobar-islands,2021,2,744104,11278,28333852.06159348
138,andaman-&-nicobar-islands,2021,2,744211,10182,20377949.346094526
139,andaman-&-nicobar-islands,2021,2,744112,9635,21637658.167199604
140,andaman-&-nicobar-islands,2021,2,744301,8463,27666837.39688266
141,andaman-&-nicobar-islands,2021,3,744101,116324,388328168.7639693
142,andaman-&-nicobar-islands,2021,3,744103,84790,246433385.80990067
143,andaman-&-nicobar-islands,2021,3,744105,67257,185238368.4767078
144,andaman-&-nicobar-islands,2021,3,744102,43850,131239564.16909727
145,andaman-&-nicobar-islands,2021,3,744202,19088,48475163.574293144
146,andaman-&-nicobar-islands,2021,3,744107,16203,37962312.09641009
147,andaman-&-nicobar-islands,2021,3,744104,14657,35301326.114471875
148,andaman-&-nicobar-islands,2021,3,744112,11565,28491553.61094001
149,andaman-&-nicobar-islands,2021,3,744301,11553,43464511.051198
150,andaman-&-nicobar-islands,2021,3,744211,9655,19497765.257140517
151,andaman-&-nicobar-islands,2021,4,744101,165719,533026207.9731797
152,andaman-&-nicobar-islands,2021,4,744103,121613,372243734.27985656
153,andaman-&-nicobar-islands,2021,4,744105,95028,281223411.7435058
154,andaman-&-nicobar-islands,2021,4,744102,58258,174623253.47653326
155,andaman-&-nicobar-islands,2021,4,744211,27938,94222862.10725296
156,andaman-&-nicobar-islands,2021,4,744104,25662,69245386.0816525
157,andaman-&-nicobar-islands,2021,4,744202,21913,67790798.04849821
158,andaman-&-nicobar-islands,2021,4,744107,21397,52036029.9980372
159,andaman-&-nicobar-islands,2021,4,744112,18915,55448543.43365714
160,andaman-&-nicobar-islands,2021,4,744301,14553,47792330.70050094
161,andaman-&-nicobar-islands,2022,1,744101,209941,615978080.6944855
162,andaman-&-nicobar-islands,2022,1,744103,157230,399715980.1391735
163,andaman-&-nicobar-islands,2022,1,744105,122716,321850608.7396423
164,andaman-&-nicobar-islands,2022,1,744102,74883,193336549.94178736
165,andaman-&-nicobar-islands,2022,1,744104,32471,72915521.83614868
166,andaman-&-nicobar-islands,2022,1,744211,30272,86955570.58655271
167,andaman-&-nicobar-islands,2022,1,744107,25379,58776727.62636636
168,andaman-&-nicobar-islands,2022,1,744202,24022,68519268.77643085
169,andaman-&-nicobar-islands,2022,1,744112,23471,55469783.6622991
170,andaman-&-nicobar-islands,2022,1,744301,17630,56879992.28461884
171,andaman-&-nicobar-islands,2022,2,744101,252722,702122365.3629664
172,andaman-&-nicobar-islands,2022,2,744103,230746,561168775.5622396
173,andaman-&-nicobar-islands,2022,2,744105,176252,415796516.6034926
174,andaman-&-nicobar-islands,2022,2,744102,101551,240451609.192299
175,andaman-&-nicobar-islands,2022,2,744104,47069,94335358.34017953
176,andaman-&-nicobar-islands,2022,2,744211,40245,108788594.62847154
177,andaman-&-nicobar-islands,2022,2,744107,36402,82851064.58195859
178,andaman-&-nicobar-islands,2022,2,744112,32548,70178309.12885833
179,andaman-&-nicobar-islands,2022,2,744202,27750,84587978.8405464
180,andaman-&-nicobar-islands,2022,2,744301,26170,74485462.68044695
181,andaman-&-nicobar-islands,2022,3,744104,497273,951370315.4090765
182,andaman-&-nicobar-islands,2022,3,744103,259994,545653686.3062732
183,andaman-&-nicobar-islands,2022,3,744101,213864,444967255.802143
184,andaman-&-nicobar-islands,2022,3,744105,208055,438754611.5375265
185,andaman-&-nicobar-islands,2022,3,744102,114416,239581586.790242
186,andaman-&-nicobar-islands,2022,3,744107,40466,85492008.49477127
187,andaman-&-nicobar-islands,2022,3,744112,38350,74030563.48358011
188,andaman-&-nicobar-islands,2022,3,744211,37918,89671382.06901146
189,andaman-&-nicobar-islands,2022,3,744202,29918,85509005.84576747
190,andaman-&-nicobar-islands,2022,3,744301,27668,70002553.35288173
191,andaman-&-nicobar-islands,2022,4,744104,684366,1309407988.2902
192,andaman-&-nicobar-islands,2022,4,744103,304600,612929267.1773143
193,andaman-&-nicobar-islands,2022,4,744105,258097,505662756.1128938
194,andaman-&-nicobar-islands,2022,4,744101,243494,467192496.17391205
195,andaman-&-nicobar-islands,2022,4,744102,134923,264371699.73904055
196,andaman-&-nicobar-islands,2022,4,744211,56491,137253267.66612908
197,andaman-&-nicobar-islands,2022,4,744107,54192,104539818.47127225
198,andaman-&-nicobar-islands,2022,4,744112,46364,82461782.47749998
199,andaman-&-nicobar-islands,2022,4,744202,34689,94217164.85909571
200,andaman-&-nicobar-islands,2022,4,744301,33669,82466591.07632071
201,andaman-&-nicobar-islands,2023,1,744103,503053,969594706
202,andaman-&-nicobar-islands,2023,1,744105,418090,774570559
203,andaman-&-nicobar-islands,2023,1,744101,403456,749508057
204,andaman-&-nicobar-islands,2023,1,744102,222855,427240840
205,andaman-&-nicobar-islands,2023,1,744104,118286,201531285
206,andaman-&-nicobar-islands,2023,1,744211,107424,263885620
207,andaman-&-nicobar-islands,2023,1,744107,92715,168098531
208,andaman-&-nicobar-islands,2023,1,744112,76246,131598911
209,andaman-&-nicobar-islands,2023,1,744202,59440,165959850
210,andaman-&-nicobar-islands,2023,1,744301,55605,111713635
211,andaman-&-nicobar-islands,2023,2,744103,597774,1119274409
212,andaman-&-nicobar-islands,2023,2,744105,507585,916209552
213,andaman-&-nicobar-islands,2023,2,744101,486154,824857096
214,andaman-&-nicobar-islands,2023,2,744102,269165,458977445
215,andaman-&-nicobar-islands,2023,2,744104,134785,205244167
216,andaman-&-nicobar-islands,2023,2,744107,114795,194986633
217,andaman-&-nicobar-islands,2023,2,744211,106510,222510323
218,andaman-&-nicobar-islands,2023,2,744112,89784,147571191
219,andaman-&-nicobar-islands,2023,2,744202,72315,211302035
220,andaman-&-nicobar-islands,2023,2,744301,63841,134197959
221,andaman-&-nicobar-islands,2023,3,744103,697625,1158992204
222,andaman-&-nicobar-islands,2023,3,744105,594280,962825309
223,andaman-&-nicobar-islands,2023,3,744101,561910,880223225
224,andaman-&-nicobar-islands,2023,3,744102,301979,500512890
225,andaman-&-nicobar-islands,2023,3,744104,144283,201467258
226,andaman-&-nicobar-islands,2023,3,744107,126430,192271794
227,andaman-&-nicobar-islands,2023,3,744211,122188,205773943
228,andaman-&-nicobar-islands,2023,3,744112,102093,142609621
229,andaman-&-nicobar-islands,2023,3,744202,81233,229651761
230,andaman-&-nicobar-islands,2023,3,744301,72307,142757567
231,andaman-&-nicobar-islands,2023,4,744103,817988,1376084403
232,andaman-&-nicobar-islands,2023,4,744105,687868,1111327351
233,andaman-&-nicobar-islands,2023,4,744101,665217,1030639279
234,andaman-&-nicobar-islands,2023,4,744102,343773,550517935
235,andaman-&-nicobar-islands,2023,4,744211,208914,434254474
236,andaman-&-nicobar-islands,2023,4,744104,180753,276651786
237,andaman-&-nicobar-islands,2023,4,744107,150575,215238085
238,andaman-&-nicobar-islands,2023,4,744112,121589,178498997
239,andaman-&-nicobar-islands,2023,4,744301,92294,197278662
240,andaman-&-nicobar-islands,2023,4,744202,91113,233493969
241,andaman-&-nicobar-islands,2024,1,744103,915265,1466185445
242,andaman-&-nicobar-islands,2024,1,744105,788690,1238176536
243,andaman-&-nicobar-islands,2024,1,744101,729163,1111938725
244,andaman-&-nicobar-islands,2024,1,744102,410733,635568629
245,andaman-&-nicobar-islands,2024,1,744211,242702,502855645
246,andaman-&-nicobar-islands,2024,1,744104,198252,287097896
247,andaman-&-nicobar-islands,2024,1,744107,175286,238542585
248,andaman-&-nicobar-islands,2024,1,744112,136050,198931121
249,andaman-&-nicobar-islands,2024,1,744202,110787,274596943
250,andaman-&-nicobar-islands,2024,1,744301,96150,182352308
251,andaman-&-nicobar-islands,2024,2,744103,1017612,1578925731
252,andaman-&-nicobar-islands,2024,2,744105,893820,1374445615
253,andaman-&-nicobar-islands,2024,2,744101,811341,1158296326
254,andaman-&-nicobar-islands,2024,2,744102,457481,690786139
255,andaman-&-nicobar-islands,2024,2,744211,224583,411320695
256,andaman-&-nicobar-islands,2024,2,744107,215143,279183707
257,andaman-&-nicobar-islands,2024,2,744104,203691,288479778
258,andaman-&-nicobar-islands,2024,2,744112,149015,212749987
259,andaman-&-nicobar-islands,2024,2,744202,133606,309640750
260,andaman-&-nicobar-islands,2024,2,744301,103555,192116394
261,andaman-&-nicobar-islands,2024,3,744103,1447958,2053970205
262,andaman-&-nicobar-islands,2024,3,744105,693711,961929148
263,andaman-&-nicobar-islands,2024,3,744102,687213,994056767
264,andaman-&-nicobar-islands,2024,3,744104,617317,839095587
265,andaman-&-nicobar-islands,2024,3,744101,397378,543823715
266,andaman-&-nicobar-islands,2024,3,744106,209731,260739712
267,andaman-&-nicobar-islands,2024,3,744211,197101,284906813
268,andaman-&-nicobar-islands,2024,3,744107,179048,222331863
269,andaman-&-nicobar-islands,2024,3,744202,155096,325950998
270,andaman-&-nicobar-islands,2024,3,744301,117129,221810524
271,andaman-&-nicobar-islands,2024,4,744103,1624936,2327920210
272,andaman-&-nicobar-islands,2024,4,744105,788313,1111527475
273,andaman-&-nicobar-islands,2024,4,744104,750691,1054506007
274,andaman-&-nicobar-islands,2024,4,744102,745988,1083724002
275,andaman-&-nicobar-islands,2024,4,744101,444657,622167677
276,andaman-&-nicobar-islands,2024,4,744211,316142,549541741
277,andaman-&-nicobar-islands,2024,4,744106,247889,331449895
278,andaman-&-nicobar-islands,2024,4,744107,195688,249976872
279,andaman-&-nicobar-islands,2024,4,744202,177499,343623904
280,andaman-&-nicobar-islands,2024,4,744301,130704,238936987
281,andhra-pradesh,2018,1,517501,110496,163487278.84449506
282,andhra-pradesh,2018,1,520001,96883,170605900.5466873
283,andhra-pradesh,2018,1,515001,92754,133522310.75704184
284,andhra-pradesh,2018,1,517507,88132,127450018.2101582
285,andhra-pradesh,2018,1,516001,84644,131194265.5243713
286,andhra-pradesh,2018,1,518502,82421,68040306.13881023
287,andhra-pradesh,2018,1,530016,81891,140880970.0990568
288,andhra-pradesh,2018,1,520010,69581,119009921.97401813
289,andhra-pradesh,2018,1,516360,68340,101612118.88480642
290,andhra-pradesh,2018,1,518501,68193,81006512.71677604
291,andhra-pradesh,2018,2,517501,165506,305629373.15863353
292,andhra-pradesh,2018,2,518502,140893,127814123.87394845
293,andhra-pradesh,2018,2,515001,129798,285924993.6163615
294,andhra-pradesh,2018,2,517507,127731,243405277.90481398
295,andhra-pradesh,2018,2,520001,123176,271911611.0495833
296,andhra-pradesh,2018,2,516001,114806,242175477.6115077
297,andhra-pradesh,2018,2,530016,111874,235770318.03054443
298,andhra-pradesh,2018,2,520010,100630,220730389.6490364
299,andhra-pradesh,2018,2,516360,96619,197068813.60447282
300,andhra-pradesh,2018,2,518501,93442,163942778.22947574
301,andhra-pradesh,2018,3,518502,1300146,709765829.9649723
302,andhra-pradesh,2018,3,533437,421968,240766495.05853492
303,andhra-pradesh,2018,3,518501,296154,291247918.8462258
304,andhra-pradesh,2018,3,517501,295403,466133618.6014985
305,andhra-pradesh,2018,3,515001,276595,438158383.2247275
306,andhra-pradesh,2018,3,530016,234494,380410223.19526947
307,andhra-pradesh,2018,3,517507,233347,386563858.6898683
308,andhra-pradesh,2018,3,516259,220165,109844218.671292
309,andhra-pradesh,2018,3,520011,213275,291805923.00111276
310,andhra-pradesh,2018,3,520001,206435,371140000.30740225
311,andhra-pradesh,2018,4,518502,441662,332201263.2829269
312,andhra-pradesh,2018,4,517501,423357,714887920.0334857
313,andhra-pradesh,2018,4,530016,367619,575982481.3389585
314,andhra-pradesh,2018,4,515001,355695,651952970.9302757
315,andhra-pradesh,2018,4,517507,318300,594747982.0458119
316,andhra-pradesh,2018,4,530003,277131,356075793.85855436
317,andhra-pradesh,2018,4,516001,269798,572252390.1920383
318,andhra-pradesh,2018,4,520010,250261,492229977.1570112
319,andhra-pradesh,2018,4,530017,248725,326891428.60271376
320,andhra-pradesh,2018,4,518501,248520,357423401.5571966
321,andhra-pradesh,2019,1,530001,950821,1529039457.6419592
322,andhra-pradesh,2019,1,517501,922416,1244725311.4573965
323,andhra-pradesh,2019,1,520001,814616,1462807205.627422
324,andhra-pradesh,2019,1,530016,684611,960022481.5524917
325,andhra-pradesh,2019,1,517507,671661,1009128524.8128469
326,andhra-pradesh,2019,1,515001,609682,1009938283.8464416
327,andhra-pradesh,2019,1,518502,545426,389782596.9665674
328,andhra-pradesh,2019,1,530003,527667,590799502.8850918
329,andhra-pradesh,2019,1,530017,472914,531596255.9349663
330,andhra-pradesh,2019,1,520010,460133,774931063.0289192
331,andhra-pradesh,2019,2,530001,2602865,5218795715.70141
332,andhra-pradesh,2019,2,520001,1828617,3823390190.0922346
333,andhra-pradesh,2019,2,517501,949187,1669949938.5076957
334,andhra-pradesh,2019,2,522001,839909,1759418775.980979
335,andhra-pradesh,2019,2,530016,793798,1257915825.5688605
336,andhra-pradesh,2019,2,517507,760335,1412863012.2407691
337,andhra-pradesh,2019,2,515001,567306,1282118916.2094193
338,andhra-pradesh,2019,2,530003,520142,718170914.395836
339,andhra-pradesh,2019,2,520010,490697,973983824.5472903
340,andhra-pradesh,2019,2,530017,480905,650710126.3382195
341,andhra-pradesh,2019,3,530001,2944756,6693257653.901131
342,andhra-pradesh,2019,3,520001,1905190,4414503365.699517
343,andhra-pradesh,2019,3,517501,1434209,2203932856.2972074
344,andhra-pradesh,2019,3,530016,1196020,1658162548.562835
345,andhra-pradesh,2019,3,517507,1060513,1854927351.7366562
346,andhra-pradesh,2019,3,522001,1003916,2216532548.7258
347,andhra-pradesh,2019,3,515001,868052,1667826831.8650486
348,andhra-pradesh,2019,3,530003,858005,970993081.1712441
349,andhra-pradesh,2019,3,530017,799271,911939243.0618924
350,andhra-pradesh,2019,3,530026,711726,1095056835.9858122
351,andhra-pradesh,2019,4,530001,4185063,9160387223.4497
352,andhra-pradesh,2019,4,520001,2544877,5933007156.535349
353,andhra-pradesh,2019,4,517501,1920211,3073084029.9256625
354,andhra-pradesh,2019,4,530016,1591033,2295184224.145106
355,andhra-pradesh,2019,4,530026,1438154,2509394595.5414515
356,andhra-pradesh,2019,4,517507,1406768,2478459132.7705936
357,andhra-pradesh,2019,4,522001,1324202,2927313967.683236
358,andhra-pradesh,2019,4,515001,1202983,2376869516.684207
359,andhra-pradesh,2019,4,530003,1131832,1339103327.887921
360,andhra-pradesh,2019,4,530017,1084796,1266927471.3317952
361,andhra-pradesh,2020,1,530026,6695271,15258657486.862274
362,andhra-pradesh,2020,1,517501,2196548,3731404465.729061
363,andhra-pradesh,2020,1,530016,1661816,2593325339.0472875
364,andhra-pradesh,2020,1,517507,1554974,2719620696.0325623
365,andhra-pradesh,2020,1,515001,1346804,2696427930.6755033
366,andhra-pradesh,2020,1,530003,1159480,1519955258.5314608
367,andhra-pradesh,2020,1,524002,1125194,2653339803.95633
368,andhra-pradesh,2020,1,530017,1104748,1412381495.9440272
369,andhra-pradesh,2020,1,520010,1098395,2059547223.1742206
370,andhra-pradesh,2020,1,522001,1058410,2575723775.0488396
371,andhra-pradesh,2020,2,530026,4994637,12817902607.017586
372,andhra-pradesh,2020,2,517501,1708935,3203679955.4885287
373,andhra-pradesh,2020,2,517507,1575118,2854711069.441047
374,andhra-pradesh,2020,2,524002,1553283,3993963025.6852684
375,andhra-pradesh,2020,2,530016,1067022,1893629834.0393307
376,andhra-pradesh,2020,2,516001,1066066,2616099329.3322473
377,andhra-pradesh,2020,2,515001,1026587,2447755903.073549
378,andhra-pradesh,2020,2,518002,979822,2015820866.3250332
379,andhra-pradesh,2020,2,522001,963666,2678051229.473872
380,andhra-pradesh,2020,2,520002,956641,2767045048.1995325
381,andhra-pradesh,2020,3,524002,5194663,13718743729.17845
382,andhra-pradesh,2020,3,530026,4159532,10383207817.795242
383,andhra-pradesh,2020,3,517501,2735691,5544720473.076229
384,andhra-pradesh,2020,3,516001,2534360,6637577271.358326
385,andhra-pradesh,2020,3,517507,2306174,4594510974.325968
386,andhra-pradesh,2020,3,520002,2238996,6543183825.055463
387,andhra-pradesh,2020,3,530016,1921871,3560898943.243418
388,andhra-pradesh,2020,3,515001,1669413,4116758527.095812
389,andhra-pradesh,2020,3,522001,1625687,4701116488.838855
390,andhra-pradesh,2020,3,518002,1514873,3352462441.2241564
391,andhra-pradesh,2020,4,524002,5029692,12810644736.250324
392,andhra-pradesh,2020,4,530026,4235146,9849636860.464972
393,andhra-pradesh,2020,4,517501,4125544,7866883789.381668
394,andhra-pradesh,2020,4,517507,3420778,6749696775.855953
395,andhra-pradesh,2020,4,516001,3119905,8005247952.077286
396,andhra-pradesh,2020,4,530016,2981818,5591062751.070802
397,andhra-pradesh,2020,4,515001,2821800,6442101736.915546
398,andhra-pradesh,2020,4,518002,2219953,4809927717.539759
399,andhra-pradesh,2020,4,520010,2170458,4679865894.241622
400,andhra-pradesh,2020,4,530017,2027751,3252434512.586547
401,andhra-pradesh,2021,1,524002,7269657,16698428355.239132
402,andhra-pradesh,2021,1,530026,5875319,13567044097.312927
403,andhra-pradesh,2021,1,517501,4354325,8224302893.470669
404,andhra-pradesh,2021,1,520002,3591058,9183853695.408499
405,andhra-pradesh,2021,1,517507,3378549,6593121540.981036
406,andhra-pradesh,2021,1,530016,3144495,5679150412.005564
407,andhra-pradesh,2021,1,516001,2941623,7434205012.068323
408,andhra-pradesh,2021,1,515001,2815993,6225481722.602297
409,andhra-pradesh,2021,1,522001,2584588,6753205746.899624
410,andhra-pradesh,2021,1,520010,2291676,4716738889.930448
411,andhra-pradesh,2021,2,524002,11023032,25519404146.52658
412,andhra-pradesh,2021,2,530026,7850540,19042845773.20165
413,andhra-pradesh,2021,2,520002,5441708,14948864290.86964
414,andhra-pradesh,2021,2,517501,4614209,9215678010.439575
415,andhra-pradesh,2021,2,517507,3834825,7940105016.380435
416,andhra-pradesh,2021,2,522001,3427039,9832657321.439524
417,andhra-pradesh,2021,2,515001,3052771,7213837063.020088
418,andhra-pradesh,2021,2,530016,2892664,5705916880.595729
419,andhra-pradesh,2021,2,516001,2613562,7256266063.657529
420,andhra-pradesh,2021,2,518002,2553688,5906664130.524334
421,andhra-pradesh,2021,3,524002,10701326,23300508690.71216
422,andhra-pradesh,2021,3,530026,9780096,22841763578.29273
423,andhra-pradesh,2021,3,517501,5982442,11419848822.233982
424,andhra-pradesh,2021,3,520002,5320101,14633600592.216694
425,andhra-pradesh,2021,3,517507,4866065,9768221617.56348
426,andhra-pradesh,2021,3,522001,4242875,11355623168.660927
427,andhra-pradesh,2021,3,530016,4177023,7797927714.306906
428,andhra-pradesh,2021,3,515001,4040160,8752025049.046715
429,andhra-pradesh,2021,3,516001,3370675,8720115499.341372
430,andhra-pradesh,2021,3,520010,3206301,6832329071.6628275
431,andhra-pradesh,2021,4,524002,14158439,30358274591.367683
432,andhra-pradesh,2021,4,530026,10216678,24428085477.49295
433,andhra-pradesh,2021,4,517501,7246667,13514835187.056923
434,andhra-pradesh,2021,4,517507,5790910,11415016234.059563
435,andhra-pradesh,2021,4,520002,5716025,15397268124.171196
436,andhra-pradesh,2021,4,530016,5252680,9484946022.822403
437,andhra-pradesh,2021,4,522001,4989759,13298088500.28115
438,andhra-pradesh,2021,4,515001,4892740,10235401678.208153
439,andhra-pradesh,2021,4,520010,4198904,8551737728.052567
440,andhra-pradesh,2021,4,516001,4058071,10324818012.146276
441,andhra-pradesh,2022,1,524002,16133298,35123754551.39544
442,andhra-pradesh,2022,1,530026,10293117,25355928765.674084
443,andhra-pradesh,2022,1,517501,8062447,14807178133.005922
444,andhra-pradesh,2022,1,517507,6660899,12913687866.526722
445,andhra-pradesh,2022,1,520002,6254668,16297042494.467913
446,andhra-pradesh,2022,1,522001,5691035,15226428277.57111
447,andhra-pradesh,2022,1,515001,5585462,11393585212.479506
448,andhra-pradesh,2022,1,530016,5554647,9991176892.061853
449,andhra-pradesh,2022,1,516001,4513789,11365056779.562836
450,andhra-pradesh,2022,1,520010,4492155,9108501441.854177
451,andhra-pradesh,2022,2,524002,18822839,40556750377.6809
452,andhra-pradesh,2022,2,530026,12256092,29600523030.089485
453,andhra-pradesh,2022,2,517501,9320394,17071503296.033054
454,andhra-pradesh,2022,2,517507,7667416,14863715364.820652
455,andhra-pradesh,2022,2,520002,7584902,19447767871.79056
456,andhra-pradesh,2022,2,530016,6470271,11522114399.303429
457,andhra-pradesh,2022,2,515001,6291639,12847256630.386038
458,andhra-pradesh,2022,2,522001,6073875,16041957319.95133
459,andhra-pradesh,2022,2,520010,5301338,10747157085.983915
460,andhra-pradesh,2022,2,516001,4927880,12452111307.590088
461,andhra-pradesh,2022,3,530026,10427710,24452749355.343765
462,andhra-pradesh,2022,3,517501,9028550,16685152652.27945
463,andhra-pradesh,2022,3,517507,7638906,14893051968.861427
464,andhra-pradesh,2022,3,524002,6897466,17798259711.658493
465,andhra-pradesh,2022,3,522001,6608575,14799455202.072798
466,andhra-pradesh,2022,3,520002,6370783,17359205738.798397
467,andhra-pradesh,2022,3,530016,6352195,11280121649.92772
468,andhra-pradesh,2022,3,515001,6120942,12350133591.116642
469,andhra-pradesh,2022,3,520010,5372903,10801020194.878735
470,andhra-pradesh,2022,3,516001,5350632,13517253500.100548
471,andhra-pradesh,2022,4,530026,10249750,23326515677.88234
472,andhra-pradesh,2022,4,517501,9601016,17160601029.470804
473,andhra-pradesh,2022,4,517507,8255182,15452889827.310287
474,andhra-pradesh,2022,4,530016,6770365,11575693176.866528
475,andhra-pradesh,2022,4,515001,6566772,12647557281.819908
476,andhra-pradesh,2022,4,522001,6419773,13879436431.018642
477,andhra-pradesh,2022,4,520010,5887349,11108836639.890686
478,andhra-pradesh,2022,4,518002,5810257,12488419884.161985
479,andhra-pradesh,2022,4,520002,5685286,14883019280.330643
480,andhra-pradesh,2022,4,516001,5545373,13027211098.677938
481,andhra-pradesh,2023,1,517501,15726677,25326343019
482,andhra-pradesh,2023,1,517507,14231038,24727126661
483,andhra-pradesh,2023,1,530016,11205270,18608492919
484,andhra-pradesh,2023,1,515001,11202633,20163905001
485,andhra-pradesh,2023,1,520010,9654796,17557392337
486,andhra-pradesh,2023,1,518002,8884834,16390389002
487,andhra-pradesh,2023,1,516001,8730141,19045859096
488,andhra-pradesh,2023,1,520011,8055364,14095375533
489,andhra-pradesh,2023,1,520007,7967416,15216553606
490,andhra-pradesh,2023,1,530026,7954047,13507938696
491,andhra-pradesh,2023,2,517501,17533692,27847769343
492,andhra-pradesh,2023,2,517507,16071649,27735983775
493,andhra-pradesh,2023,2,530016,12677134,20503632033
494,andhra-pradesh,2023,2,515001,12455688,22351199564
495,andhra-pradesh,2023,2,520010,10965771,19535374795
496,andhra-pradesh,2023,2,518002,9897206,18254635605
497,andhra-pradesh,2023,2,516001,9681752,21118300896
498,andhra-pradesh,2023,2,520011,9241075,15629118550
499,andhra-pradesh,2023,2,520007,9092492,17011522677
500,andhra-pradesh,2023,2,530026,8876516,14619851366
501,andhra-pradesh,2023,3,517501,19950308,30481660225
502,andhra-pradesh,2023,3,517507,18601251,30773975506
503,andhra-pradesh,2023,3,530016,14464077,22560828048
504,andhra-pradesh,2023,3,515001,14092751,23787806856
505,andhra-pradesh,2023,3,520010,12583902,21578557371
506,andhra-pradesh,2023,3,518002,11433335,19448338656
507,andhra-pradesh,2023,3,516001,11173043,22836561775
508,andhra-pradesh,2023,3,520011,10750550,17171820378
509,andhra-pradesh,2023,3,520007,10452102,18289265117
510,andhra-pradesh,2023,3,530026,10339712,15999035746
511,andhra-pradesh,2023,4,517501,20947807,31651864587
512,andhra-pradesh,2023,4,517507,19563362,31704706880
513,andhra-pradesh,2023,4,515001,15058936,24656474833
514,andhra-pradesh,2023,4,530016,14807835,22908401482
515,andhra-pradesh,2023,4,520010,13194498,22073842410
516,andhra-pradesh,2023,4,518002,12622748,20976834312
517,andhra-pradesh,2023,4,516001,12291648,23977992414
518,andhra-pradesh,2023,4,520011,11506163,18122767533
519,andhra-pradesh,2023,4,520007,11138627,19087862152
520,andhra-pradesh,2023,4,530026,10776659,16712123451
521,andhra-pradesh,2024,1,517501,22460833,32476323911
522,andhra-pradesh,2024,1,517507,21155088,32810583577
523,andhra-pradesh,2024,1,515001,15780104,24793022275
524,andhra-pradesh,2024,1,530016,15216493,23101693785
525,andhra-pradesh,2024,1,518002,13579522,21708522175
526,andhra-pradesh,2024,1,520010,13437224,22023579078
527,andhra-pradesh,2024,1,516001,13395301,25036328694
528,andhra-pradesh,2024,1,520007,11732309,19602587978
529,andhra-pradesh,2024,1,520011,11686035,18051723195
530,andhra-pradesh,2024,1,530026,11146646,17184045480
531,andhra-pradesh,2024,2,517501,23986953,33556169821
532,andhra-pradesh,2024,2,517507,22868631,34558591392
533,andhra-pradesh,2024,2,515001,17089815,26453948910
534,andhra-pradesh,2024,2,530016,16743937,23999827461
535,andhra-pradesh,2024,2,518002,14494864,22561931344
536,andhra-pradesh,2024,2,520010,14454346,22517180237
537,andhra-pradesh,2024,2,516001,14399825,25836817900
538,andhra-pradesh,2024,2,520007,12924908,20769498519
539,andhra-pradesh,2024,2,520011,12694074,18792892701
540,andhra-pradesh,2024,2,530026,12240656,17816316958
541,andhra-pradesh,2024,3,517501,36655946,50763786498
542,andhra-pradesh,2024,3,530016,18172239,25347552111
543,andhra-pradesh,2024,3,520010,18075083,26040831949
544,andhra-pradesh,2024,3,520007,17587908,26541441247
545,andhra-pradesh,2024,3,516001,17436269,29300764711
546,andhra-pradesh,2024,3,515001,16896071,24626029714
547,andhra-pradesh,2024,3,520003,16725948,23180849113
548,andhra-pradesh,2024,3,518002,16312523,24049037089
549,andhra-pradesh,2024,3,517507,15863409,21911302309
550,andhra-pradesh,2024,3,530026,15757147,21910848603
551,andhra-pradesh,2024,4,517501,39124897,52268964187
552,andhra-pradesh,2024,4,520010,19850150,27884196248
553,andhra-pradesh,2024,4,520007,19533453,28497311442
554,andhra-pradesh,2024,4,530016,19427911,26280147124
555,andhra-pradesh,2024,4,516001,18760414,30182682584
556,andhra-pradesh,2024,4,520003,18684622,25090723912
557,andhra-pradesh,2024,4,515001,18361649,25654153931
558,andhra-pradesh,2024,4,518002,18000208,25530054501
559,andhra-pradesh,2024,4,530026,17091590,22841467439
560,andhra-pradesh,2024,4,517507,17014041,22614302334
561,arunachal-pradesh,2018,1,791110,4253,8605127.65004581
562,arunachal-pradesh,2018,1,791111,4207,9841038.918801479
563,arunachal-pradesh,2018,1,791102,3286,5671981.37541513
564,arunachal-pradesh,2018,1,790116,2704,4457038.562331891
565,arunachal-pradesh,2018,1,790104,2114,4578762.301169472
566,arunachal-pradesh,2018,1,791109,2112,3137887.500695069
567,arunachal-pradesh,2018,1,792131,2097,3667031.7501450847
568,arunachal-pradesh,2018,1,791001,2041,5020173.997662732
569,arunachal-pradesh,2018,1,791113,1955,6492923.793813149
570,arunachal-pradesh,2018,1,792001,1865,2638135.148973316
571,arunachal-pradesh,2018,2,791110,7878,19894634.32236063
572,arunachal-pradesh,2018,2,791111,7239,20302894.32407169
573,arunachal-pradesh,2018,2,791102,6046,11116134.491696559
574,arunachal-pradesh,2018,2,790116,4689,11109804.760347228
575,arunachal-pradesh,2018,2,790104,4436,10757634.641186869
576,arunachal-pradesh,2018,2,792131,4342,9787595.363164986
577,arunachal-pradesh,2018,2,791113,4159,10355129.796387024
578,arunachal-pradesh,2018,2,792103,3885,10332844.690670341
579,arunachal-pradesh,2018,2,792102,3638,13733030.966675913
580,arunachal-pradesh,2018,2,791109,3486,8901023.6818946
581,arunachal-pradesh,2018,3,791110,13489,28577947.494984522
582,arunachal-pradesh,2018,3,791111,10508,33766761.060124576
583,arunachal-pradesh,2018,3,791102,9777,18868814.474471845
584,arunachal-pradesh,2018,3,791109,8636,14623073.028337255
585,arunachal-pradesh,2018,3,790116,6870,19935455.777625345
586,arunachal-pradesh,2018,3,792103,6672,16204421.801473193
587,arunachal-pradesh,2018,3,790104,6434,18213474.582743015
588,arunachal-pradesh,2018,3,792001,6307,16330131.581704907
589,arunachal-pradesh,2018,3,791113,6191,14657152.42532165
590,arunachal-pradesh,2018,3,792102,5120,16131802.077896373
591,arunachal-pradesh,2018,4,791110,18305,50770919.03443284
592,arunachal-pradesh,2018,4,791111,14891,50578761.54109968
593,arunachal-pradesh,2018,4,791102,11990,28553763.558065224
594,arunachal-pradesh,2018,4,790116,10791,42561249.91245334
595,arunachal-pradesh,2018,4,792103,8743,23841863.530102827
596,arunachal-pradesh,2018,4,790104,8727,28710303.165459957
597,arunachal-pradesh,2018,4,791113,8156,19785304.795617044
598,arunachal-pradesh,2018,4,791109,7660,17851253.026180793
599,arunachal-pradesh,2018,4,792001,7520,18988989.141452394
600,arunachal-pradesh,2018,4,792102,6597,21188725.096378893
601,arunachal-pradesh,2019,1,791110,21769,56305175.15742187
602,arunachal-pradesh,2019,1,791111,18706,57464660.98623066
603,arunachal-pradesh,2019,1,791102,14504,35128890.140528455
604,arunachal-pradesh,2019,1,790116,13724,44410163.52148189
605,arunachal-pradesh,2019,1,791109,11691,24669479.821121186
606,arunachal-pradesh,2019,1,791113,10893,28900698.04714023
607,arunachal-pradesh,2019,1,790104,10231,29899156.53443486
608,arunachal-pradesh,2019,1,792103,10190,28841570.71793741
609,arunachal-pradesh,2019,1,792001,9575,24797020.736688815
610,arunachal-pradesh,2019,1,790101,9149,26500818.398213305
611,arunachal-pradesh,2019,2,791110,28827,80501052.65730712
612,arunachal-pradesh,2019,2,791111,24040,77741634.13628484
613,arunachal-pradesh,2019,2,791102,14906,38658949.40199398
614,arunachal-pradesh,2019,2,790116,13929,48120977.088281885
615,arunachal-pradesh,2019,2,791113,12970,37636424.899820864
616,arunachal-pradesh,2019,2,790104,12562,43392107.208877556
617,arunachal-pradesh,2019,2,791109,12214,28228154.97606074
618,arunachal-pradesh,2019,2,792001,11232,29778429.81452021
619,arunachal-pradesh,2019,2,792103,11076,30442992.654754497
620,arunachal-pradesh,2019,2,790101,10926,36302058.29929494
621,arunachal-pradesh,2019,3,791110,38560,104152420.6903958
622,arunachal-pradesh,2019,3,791111,32844,92522169.403638
623,arunachal-pradesh,2019,3,791102,20744,50221808.10965951
624,arunachal-pradesh,2019,3,791113,19591,49174022.06411387
625,arunachal-pradesh,2019,3,790116,19201,53454221.51239009
626,arunachal-pradesh,2019,3,790104,18759,57742402.565546624
627,arunachal-pradesh,2019,3,792103,17253,38310432.22806125
628,arunachal-pradesh,2019,3,790101,15882,43198540.62981644
629,arunachal-pradesh,2019,3,792001,15645,35020210.50538105
630,arunachal-pradesh,2019,3,791109,14867,29287244.191191502
631,arunachal-pradesh,2019,4,791110,46210,135166318.90100121
632,arunachal-pradesh,2019,4,791111,38960,109780309.4691897
633,arunachal-pradesh,2019,4,791113,25720,67044021.64216873
634,arunachal-pradesh,2019,4,791102,25493,64172690.788512394
635,arunachal-pradesh,2019,4,790104,23418,71137191.35286346
636,arunachal-pradesh,2019,4,792103,22297,45950095.40587128
637,arunachal-pradesh,2019,4,790101,22263,69716144.70739502
638,arunachal-pradesh,2019,4,790116,21777,62382535.12190032
639,arunachal-pradesh,2019,4,792001,18262,41638209.32032033
640,arunachal-pradesh,2019,4,791109,17833,33159442.663443036
641,arunachal-pradesh,2020,1,791110,53858,134164730.89583132
642,arunachal-pradesh,2020,1,791111,44651,118592432.50755887
643,arunachal-pradesh,2020,1,791113,40087,114373417.73145652
644,arunachal-pradesh,2020,1,791102,30846,73201195.2353644
645,arunachal-pradesh,2020,1,792103,27462,65003236.302331895
646,arunachal-pradesh,2020,1,790116,25027,68279455.36544603
647,arunachal-pradesh,2020,1,790104,24414,66277727.27349471
648,arunachal-pradesh,2020,1,792001,23370,55255805.31059417
649,arunachal-pradesh,2020,1,791001,22588,54519489.86110417
650,arunachal-pradesh,2020,1,791109,22374,43679801.42383069
651,arunachal-pradesh,2020,2,791110,66660,161486745.43774873
652,arunachal-pradesh,2020,2,791111,58840,143307742.43547845
653,arunachal-pradesh,2020,2,791102,50996,97581020.8441248
654,arunachal-pradesh,2020,2,791113,49710,128006452.94220668
655,arunachal-pradesh,2020,2,792103,39797,83935770.26695053
656,arunachal-pradesh,2020,2,791001,38760,84597533.513517
657,arunachal-pradesh,2020,2,790104,34466,94485243.39779145
658,arunachal-pradesh,2020,2,792001,33392,72498626.74427575
659,arunachal-pradesh,2020,2,790116,28051,69882584.56823947
660,arunachal-pradesh,2020,2,790101,27329,80597964.5697464
661,arunachal-pradesh,2020,3,791113,85276,286434881.1365983
662,arunachal-pradesh,2020,3,791110,83578,224119989.3692662
663,arunachal-pradesh,2020,3,791111,73373,201615153.49178126
664,arunachal-pradesh,2020,3,791102,59485,147103673.02159554
665,arunachal-pradesh,2020,3,792103,43165,97856482.63015749
666,arunachal-pradesh,2020,3,790104,42704,140524891.73905784
667,arunachal-pradesh,2020,3,792001,40143,98429547.73142855
668,arunachal-pradesh,2020,3,791001,39931,105026195.69865745
669,arunachal-pradesh,2020,3,790116,34849,106829704.02580261
670,arunachal-pradesh,2020,3,790101,31126,106324283.79932615
671,arunachal-pradesh,2020,4,791110,115682,355243299.60706156
672,arunachal-pradesh,2020,4,791113,100879,340893583.5488197
673,arunachal-pradesh,2020,4,791111,96702,282834295.4196955
674,arunachal-pradesh,2020,4,791102,74774,202391786.32094023
675,arunachal-pradesh,2020,4,792103,53234,132562026.23941663
676,arunachal-pradesh,2020,4,791001,51950,144602123.97611114
677,arunachal-pradesh,2020,4,792001,51529,123814287.8204747
678,arunachal-pradesh,2020,4,790104,51050,182176489.64400375
679,arunachal-pradesh,2020,4,790116,40492,120719478.22915718
680,arunachal-pradesh,2020,4,790101,36197,118862457.89585006
681,arunachal-pradesh,2021,1,791113,127025,394958954.74942803
682,arunachal-pradesh,2021,1,791110,119184,404502103.3179444
683,arunachal-pradesh,2021,1,791111,89356,307014656.8532768
684,arunachal-pradesh,2021,1,791102,68000,211432038.67254648
685,arunachal-pradesh,2021,1,792103,53040,141156670.32558545
686,arunachal-pradesh,2021,1,791001,50407,164065117.88460803
687,arunachal-pradesh,2021,1,792001,48954,130623865.61265224
688,arunachal-pradesh,2021,1,790104,39581,151312863.21053433
689,arunachal-pradesh,2021,1,791109,39332,128400296.63511801
690,arunachal-pradesh,2021,1,790116,38205,115157748.78556368
691,arunachal-pradesh,2021,2,791113,170268,432196673.5193349
692,arunachal-pradesh,2021,2,791110,160245,449983951.208361
693,arunachal-pradesh,2021,2,791111,122368,333974912.1268044
694,arunachal-pradesh,2021,2,791102,87524,235678147.9304313
695,arunachal-pradesh,2021,2,792103,76949,179343401.62470114
696,arunachal-pradesh,2021,2,791001,68927,214550532.0577654
697,arunachal-pradesh,2021,2,792001,64602,146046509.47044832
698,arunachal-pradesh,2021,2,790104,52742,184653080.7391938
699,arunachal-pradesh,2021,2,790116,52323,145624699.2825492
700,arunachal-pradesh,2021,2,790101,48726,157622337.23185942
701,arunachal-pradesh,2021,3,791113,225427,582965112.523323
702,arunachal-pradesh,2021,3,791110,207417,603165812.3057537
703,arunachal-pradesh,2021,3,791111,153845,442067361.42168665
704,arunachal-pradesh,2021,3,791102,105715,296166087.7681337
705,arunachal-pradesh,2021,3,792103,88032,194244543.03871346
706,arunachal-pradesh,2021,3,792001,80894,180486995.1464384
707,arunachal-pradesh,2021,3,791001,77128,259793926.03333136
708,arunachal-pradesh,2021,3,790116,66461,197947119.60324338
709,arunachal-pradesh,2021,3,790104,65008,261069265.84552905
710,arunachal-pradesh,2021,3,790101,61516,220804392.11302128
711,arunachal-pradesh,2021,4,791113,279958,685093585.2469286
712,arunachal-pradesh,2021,4,791110,258928,718387355.2085327
713,arunachal-pradesh,2021,4,791111,206496,557846901.7603153
714,arunachal-pradesh,2021,4,791102,134017,368703032.41367143
715,arunachal-pradesh,2021,4,792103,115871,238038756.74938503
716,arunachal-pradesh,2021,4,792001,101771,220359430.80701947
717,arunachal-pradesh,2021,4,791001,93449,317887115.43826216
718,arunachal-pradesh,2021,4,791109,84621,218599005.03410858
719,arunachal-pradesh,2021,4,790116,81804,235869670.0305156
720,arunachal-pradesh,2021,4,790101,77658,269438817.2199306
721,arunachal-pradesh,2022,1,791113,336780,819363323.7219163
722,arunachal-pradesh,2022,1,791110,332485,853173424.1985552
723,arunachal-pradesh,2022,1,791111,262617,658150204.3789485
724,arunachal-pradesh,2022,1,791102,159945,417052440.2856392
725,arunachal-pradesh,2022,1,792103,129210,277477788.7356235
726,arunachal-pradesh,2022,1,792001,121068,265189556.26145488
727,arunachal-pradesh,2022,1,791109,111918,254266306.42573798
728,arunachal-pradesh,2022,1,791001,105769,364396148.4248719
729,arunachal-pradesh,2022,1,792110,84017,238200426.2222041
730,arunachal-pradesh,2022,1,790116,82546,221708919.60946545
731,arunachal-pradesh,2022,2,791110,449672,1063144517.2715561
732,arunachal-pradesh,2022,2,791111,365813,825171645.8623393
733,arunachal-pradesh,2022,2,791113,293972,636386755.5775489
734,arunachal-pradesh,2022,2,791102,202400,506976441.13093287
735,arunachal-pradesh,2022,2,792103,171123,328590056.9824293
736,arunachal-pradesh,2022,2,792001,168260,347653259.94772595
737,arunachal-pradesh,2022,2,791109,160963,328923537.81103456
738,arunachal-pradesh,2022,2,791001,138781,429415327.4851847
739,arunachal-pradesh,2022,2,792110,104904,274482044.040218
740,arunachal-pradesh,2022,2,790116,104888,264639160.7241699
741,arunachal-pradesh,2022,3,791110,493396,989512226.2480668
742,arunachal-pradesh,2022,3,791111,430374,859784995.1774595
743,arunachal-pradesh,2022,3,791113,350164,659314612.6108431
744,arunachal-pradesh,2022,3,791102,223033,502704075.98509526
745,arunachal-pradesh,2022,3,792001,177984,312906039.70234203
746,arunachal-pradesh,2022,3,791109,171234,304861466.0199954
747,arunachal-pradesh,2022,3,792103,168900,302218714.13136125
748,arunachal-pradesh,2022,3,791001,156417,457311028.7111173
749,arunachal-pradesh,2022,3,791112,122875,208103072.98784313
750,arunachal-pradesh,2022,3,790116,119024,273945831.9687789
751,arunachal-pradesh,2022,4,791110,579246,1065690345.4630343
752,arunachal-pradesh,2022,4,791111,486688,876349333.7857587
753,arunachal-pradesh,2022,4,791113,386008,654736963.6475468
754,arunachal-pradesh,2022,4,791102,261421,545042068.6599071
755,arunachal-pradesh,2022,4,792103,210161,343379974.78242886
756,arunachal-pradesh,2022,4,792001,208541,333708831.3015753
757,arunachal-pradesh,2022,4,791001,204796,538239069.5092747
758,arunachal-pradesh,2022,4,791109,199942,337367639.30005294
759,arunachal-pradesh,2022,4,791112,153846,233172634.3808441
760,arunachal-pradesh,2022,4,791120,140090,339456055.3039629
761,arunachal-pradesh,2023,1,791110,1008590,1865632904
762,arunachal-pradesh,2023,1,791111,831426,1477332363
763,arunachal-pradesh,2023,1,791113,649989,1121559593
764,arunachal-pradesh,2023,1,791102,447995,903434926
765,arunachal-pradesh,2023,1,791001,366870,889778955
766,arunachal-pradesh,2023,1,792103,365583,601422665
767,arunachal-pradesh,2023,1,792001,362357,596015826
768,arunachal-pradesh,2023,1,791109,346011,598732770
769,arunachal-pradesh,2023,1,791112,271249,420585957
770,arunachal-pradesh,2023,1,792110,257655,541516308
771,arunachal-pradesh,2023,2,791110,1284096,2250046634
772,arunachal-pradesh,2023,2,791111,1052500,1803211887
773,arunachal-pradesh,2023,2,791113,876188,1385591554
774,arunachal-pradesh,2023,2,791102,562332,1044263268
775,arunachal-pradesh,2023,2,791001,513980,1133981925
776,arunachal-pradesh,2023,2,792103,457250,726708001
777,arunachal-pradesh,2023,2,792001,438532,644916082
778,arunachal-pradesh,2023,2,791109,427364,717696530
779,arunachal-pradesh,2023,2,791112,345029,495018657
780,arunachal-pradesh,2023,2,791120,332910,680619706
781,arunachal-pradesh,2023,3,791110,1661134,2365086913
782,arunachal-pradesh,2023,3,791111,1363251,2020637254
783,arunachal-pradesh,2023,3,791113,1115065,1447139650
784,arunachal-pradesh,2023,3,791102,662599,1099829972
785,arunachal-pradesh,2023,3,791001,635902,1214170402
786,arunachal-pradesh,2023,3,791109,538935,750620162
787,arunachal-pradesh,2023,3,792001,516124,679740795
788,arunachal-pradesh,2023,3,792103,505774,687112229
789,arunachal-pradesh,2023,3,791120,463102,802542628
790,arunachal-pradesh,2023,3,791112,419810,520025156
791,arunachal-pradesh,2023,4,791110,1837445,2669223628
792,arunachal-pradesh,2023,4,791111,1463009,2158311042
793,arunachal-pradesh,2023,4,791113,1226209,1586909437
794,arunachal-pradesh,2023,4,791001,779414,1466258662
795,arunachal-pradesh,2023,4,791102,778294,1278523505
796,arunachal-pradesh,2023,4,791109,579758,799703507
797,arunachal-pradesh,2023,4,792001,575462,765356932
798,arunachal-pradesh,2023,4,792103,571430,822938257
799,arunachal-pradesh,2023,4,791120,531436,928337413
800,arunachal-pradesh,2023,4,791112,472443,597926276
801,arunachal-pradesh,2024,1,791110,2082578,2959703330
802,arunachal-pradesh,2024,1,791111,1584307,2253195714
803,arunachal-pradesh,2024,1,791113,1354732,1740628606
804,arunachal-pradesh,2024,1,791001,902992,1622848527
805,arunachal-pradesh,2024,1,791102,877547,1385692579
806,arunachal-pradesh,2024,1,791109,657657,891035112
807,arunachal-pradesh,2024,1,792103,648398,907048711
808,arunachal-pradesh,2024,1,792001,624124,855284007
809,arunachal-pradesh,2024,1,791120,584351,961217731
810,arunachal-pradesh,2024,1,792110,539989,901813371
811,arunachal-pradesh,2024,2,791110,2421408,3320441998
812,arunachal-pradesh,2024,2,791111,1796116,2509896863
813,arunachal-pradesh,2024,2,791113,1611385,2031686695
814,arunachal-pradesh,2024,2,791001,1102800,1957520697
815,arunachal-pradesh,2024,2,791102,1063604,1613500075
816,arunachal-pradesh,2024,2,791109,760225,993110642
817,arunachal-pradesh,2024,2,792103,759902,1020043831
818,arunachal-pradesh,2024,2,792001,738333,940466101
819,arunachal-pradesh,2024,2,791120,665100,1035642538
820,arunachal-pradesh,2024,2,791112,621966,751557533
821,arunachal-pradesh,2024,3,791110,3323236,3680315431
822,arunachal-pradesh,2024,3,791111,2628266,3092483151
823,arunachal-pradesh,2024,3,791113,1582651,1691097490
824,arunachal-pradesh,2024,3,791102,1378294,1770140982
825,arunachal-pradesh,2024,3,791001,1368830,1938707505
826,arunachal-pradesh,2024,3,791112,1002816,1020636933
827,arunachal-pradesh,2024,3,791120,950615,1235359754
828,arunachal-pradesh,2024,3,792103,906930,1028115018
829,arunachal-pradesh,2024,3,792001,860008,981288649
830,arunachal-pradesh,2024,3,792110,723061,921597436
831,arunachal-pradesh,2024,4,791110,3544886,3969667276
832,arunachal-pradesh,2024,4,791111,2740525,3193725872
833,arunachal-pradesh,2024,4,791113,1691467,1792357584
834,arunachal-pradesh,2024,4,791001,1581482,2263470438
835,arunachal-pradesh,2024,4,791102,1568370,2004949027
836,arunachal-pradesh,2024,4,792103,1028632,1196585775
837,arunachal-pradesh,2024,4,791112,1017378,1080405682
838,arunachal-pradesh,2024,4,791120,987751,1274894532
839,arunachal-pradesh,2024,4,792001,942959,1120307068
840,arunachal-pradesh,2024,4,792110,812472,1078688114
841,assam,2018,1,782127,36278,55685104.31004669
842,assam,2018,1,782126,19015,29531618.71952273
843,assam,2018,1,781010,17827,17537571.597366832
844,assam,2018,1,781032,12544,16344758.303072494
845,assam,2018,1,781039,12320,11675419.253198598
846,assam,2018,1,781022,11160,21394161.557452165
847,assam,2018,1,781001,10964,14211878.220937155
848,assam,2018,1,781005,9017,11227244.310914159
849,assam,2018,1,781038,8676,13458100.482520536
850,assam,2018,1,782123,8395,9021445.995110027
851,assam,2018,2,782127,48384,116170095.69804743
852,assam,2018,2,781010,28765,34543064.75993969
853,assam,2018,2,781032,23020,37069985.80605326
854,assam,2018,2,782126,21573,43770461.5297259
855,assam,2018,2,781022,18670,42156397.49324472
856,assam,2018,2,781001,16484,28303495.144346286
857,assam,2018,2,781039,16265,16302454.69364266
858,assam,2018,2,781038,14557,27844594.363439623
859,assam,2018,2,781308,13501,14412327.173391042
860,assam,2018,2,782123,13067,12434331.737019075
861,assam,2018,3,781010,53744,63112506.38368155
862,assam,2018,3,782127,34599,82030505.12567952
863,assam,2018,3,781032,33634,64706017.19869007
864,assam,2018,3,781022,28483,65165029.42699838
865,assam,2018,3,781001,23772,46640754.80828482
866,assam,2018,3,781039,23417,24795434.492356982
867,assam,2018,3,781038,20581,41002558.83435511
868,assam,2018,3,783380,20313,31377434.881334245
869,assam,2018,3,781308,20256,36590779.6446363
870,assam,2018,3,781136,20134,24505351.774850026
871,assam,2018,4,782123,191097,40365958.68121323
872,assam,2018,4,782127,59167,55990370.032198705
873,assam,2018,4,781032,51149,98762225.01484658
874,assam,2018,4,782003,48402,33450786.817610316
875,assam,2018,4,781022,44539,104401373.29655467
876,assam,2018,4,781010,43288,77616354.09688722
877,assam,2018,4,782126,38675,31863173.323863033
878,assam,2018,4,781001,35778,72836714.43961805
879,assam,2018,4,781319,34279,45240498.09739684
880,assam,2018,4,781038,31676,62489723.74664806
881,assam,2019,1,781010,503839,1078124661.8328056
882,assam,2019,1,781032,62258,120121843.43270376
883,assam,2019,1,781039,57692,41044662.983493246
884,assam,2019,1,781022,55124,119978294.57746854
885,assam,2019,1,782123,46667,41897236.731427655
886,assam,2019,1,781001,43515,89813448.44109452
887,assam,2019,1,782127,42671,51768766.27094724
888,assam,2019,1,781136,42533,61584131.178694054
889,assam,2019,1,781038,39406,76359941.51193222
890,assam,2019,1,781314,32414,45265938.027977295
891,assam,2019,2,781010,1651072,3400967170.8048086
892,assam,2019,2,781032,67144,136158592.94434002
893,assam,2019,2,781039,61117,41121611.0098705
894,assam,2019,2,781022,56840,133563591.31288573
895,assam,2019,2,781001,45316,99439900.43321508
896,assam,2019,2,781038,40783,85345393.69140095
897,assam,2019,2,781011,35256,71372278.76526672
898,assam,2019,2,781028,35051,88623379.4863712
899,assam,2019,2,781019,34614,71776708.63112444
900,assam,2019,2,785001,34411,68114448.05145462
901,assam,2019,3,781010,1013793,3958005278.9310026
902,assam,2019,3,781032,94854,170916940.97272062
903,assam,2019,3,781022,79856,158778818.6025424
904,assam,2019,3,781039,76010,53729190.61250496
905,assam,2019,3,781001,62282,124589790.03571916
906,assam,2019,3,781038,58487,113539110.04477663
907,assam,2019,3,781019,51280,92682137.46767974
908,assam,2019,3,781011,49702,92674425.56703568
909,assam,2019,3,781028,49020,109565259.66869253
910,assam,2019,3,781005,48872,88506490.97296011
911,assam,2019,4,781010,1082582,4255353965.453718
912,assam,2019,4,781009,168681,609655507.1918839
913,assam,2019,4,781032,100676,185406119.6723185
914,assam,2019,4,781039,93370,61392432.94024345
915,assam,2019,4,781022,87774,183566068.75048763
916,assam,2019,4,781001,68636,147064092.20527714
917,assam,2019,4,781038,64729,129171976.31138667
918,assam,2019,4,781011,55522,108944084.25181107
919,assam,2019,4,781028,54001,122295825.23809631
920,assam,2019,4,781019,53185,96803120.00638849
921,assam,2020,1,781009,1780036,7174086430.866011
922,assam,2020,1,781032,118710,214331822.8278841
923,assam,2020,1,781039,112344,71576592.16415787
924,assam,2020,1,781022,107942,230073726.4604506
925,assam,2020,1,781001,79047,168980460.26639146
926,assam,2020,1,781038,77757,151759510.56487012
927,assam,2020,1,781028,67504,156019307.00999779
928,assam,2020,1,781011,66187,133654758.62515348
929,assam,2020,1,781019,62192,112929794.87225011
930,assam,2020,1,781005,57925,113264666.44706726
931,assam,2020,2,781009,1192185,4778567764.009242
932,assam,2020,2,781032,98935,166763954.39924344
933,assam,2020,2,781022,89467,179401031.76221177
934,assam,2020,2,783380,73336,119626131.76408282
935,assam,2020,2,781038,71811,123805864.7382038
936,assam,2020,2,781028,64789,139873982.96043786
937,assam,2020,2,781011,63697,111255037.10041872
938,assam,2020,2,786001,60266,116013366.45086381
939,assam,2020,2,782435,59364,95325866.32569475
940,assam,2020,2,781001,59124,122990395.0546651
941,assam,2020,3,781009,2659242,10013749462.54474
942,assam,2020,3,781032,118055,232420643.47510615
943,assam,2020,3,786001,116668,338398316.1940736
944,assam,2020,3,781022,112568,249091248.38401857
945,assam,2020,3,781038,88704,179615224.2747016
946,assam,2020,3,783380,80101,178370369.63103196
947,assam,2020,3,781028,79450,195889630.84405822
948,assam,2020,3,781001,74329,171892777.86614633
949,assam,2020,3,781011,72486,143646695.19846505
950,assam,2020,3,781012,69823,156945730.9019076
951,assam,2020,4,781009,2706533,10280991607.128572
952,assam,2020,4,781032,208338,423133157.9967661
953,assam,2020,4,781022,191909,448388467.12385124
954,assam,2020,4,781001,146326,361729899.31192243
955,assam,2020,4,781038,141467,305286931.8707292
956,assam,2020,4,786001,136686,399891954.20851076
957,assam,2020,4,781028,124055,335253852.494928
958,assam,2020,4,781011,115652,275380157.97551006
959,assam,2020,4,781019,109902,224541693.9827264
960,assam,2020,4,781005,107715,228190617.25331712
961,assam,2021,1,781009,6524270,17428233384.59051
962,assam,2021,1,786001,223886,596404833.4438283
963,assam,2021,1,781022,220209,532676696.43146753
964,assam,2021,1,781032,219173,454425488.5049339
965,assam,2021,1,781001,164447,415951266.1170123
966,assam,2021,1,781038,147267,339125036.70450056
967,assam,2021,1,781028,134378,379837463.59430516
968,assam,2021,1,781039,121609,125229899.36340648
969,assam,2021,1,781011,118996,298364755.0464896
970,assam,2021,1,781019,115698,244218722.4529047
971,assam,2021,2,781009,9152474,20665273162.818207
972,assam,2021,2,786001,301912,712393100.0840259
973,assam,2021,2,781032,214544,426648785.4343436
974,assam,2021,2,781022,210224,485126089.27296245
975,assam,2021,2,781038,156202,329131794.605857
976,assam,2021,2,781028,141496,376162457.3692011
977,assam,2021,2,781319,141071,380180308.0508309
978,assam,2021,2,781001,140945,344252530.57261163
979,assam,2021,2,783330,140014,436650824.6769772
980,assam,2021,2,781039,138550,131928199.0376262
981,assam,2021,3,781009,12729978,27464031964.343338
982,assam,2021,3,786001,427258,967975521.6469452
983,assam,2021,3,781032,317420,611161689.2896398
984,assam,2021,3,781022,306809,640424297.5125268
985,assam,2021,3,781038,228604,464233898.47619295
986,assam,2021,3,781001,214826,510386365.51873195
987,assam,2021,3,781028,202529,500653116.2649457
988,assam,2021,3,781011,185134,430608615.9835314
989,assam,2021,3,781316,184851,502029448.6452037
990,assam,2021,3,781319,181532,432011296.62647235
991,assam,2021,4,781009,16779607,36391151860.79283
992,assam,2021,4,786001,589421,1306149293.232204
993,assam,2021,4,781032,478852,833712155.0773808
994,assam,2021,4,781022,476771,875944174.2396414
995,assam,2021,4,781001,350899,765800172.2543352
996,assam,2021,4,781038,326950,624753356.359648
997,assam,2021,4,781028,293043,655881497.7437193
998,assam,2021,4,781316,285464,789572479.0883284
999,assam,2021,4,781319,279718,685350696.6633132
1000,assam,2021,4,781019,258000,438702563.555657
